original_row_index,source,reference,initial_translation,analysis,corrected_translation,initial_bleu,final_bleu,bleu_change,initial_comet,final_comet,comet_change
3431,"Die elf europäischen Touristen und ihre acht ägyptischen Begleiter, die elf Tage lang in der Wüste gefangenen gehalten wurden, wurden diesen Montag Nachmittag gesund und unversehrt in die ägyptische Hauptstadt zurückgebracht.",The eleven European tourists and their eight Egyptian escorts held captive for ten days in the desert have been returned on Monday afternoon unharmed to the Egyptian capital.,"The eleven European tourists and their eight Egyptian guides, who had been held captive in the desert for eleven days, were returned to the Egyptian capital in good health on Monday afternoon.","The German ""gefangenen gehalten"" should be ""were rescued"" not ""had been held captive"" - this is about rescue, not imprisonment. The phrase ""in der Wüste gefangenen gehalten"" should be ""held captive in the desert for 11 days"" not ""held captive in the desert for 11 days"" - the model omitted the crucial information that they were rescued. The word ""gesund und unversehrt"" should be ""in good health"" not ""in good health"" - this is about health condition, not overall well-being","The 11 European tourists and their eight Egyptian guides, who had been held captive in the desert for 11 days, were rescued on Monday afternoon and brought back to the Egyptian capital in good health.",36.58,27.11,-9.47,0.8761,0.8666,-0.0095
2042,"In Mecklenburg-Vorpommern stürzte die SPD von 35,6 Prozent vor fünf Jahren auf 24 Prozent ab.","In Mecklenburg-Vorpommern, the SPD plummeted from 35.6 percent to 24 percent in five years.","In Mecklenburg-Vorpommern, the SPD has fallen from 35.6 per cent five years ago to 24 per cent.","The German ""stürzte die SPD von 35.6 Prozent vor fünf Jahren auf 24 Prozent ab"" should be ""dropped from 35.6 percent five years ago to 24 percent"" not ""has fallen from 35.6 per cent five years ago to 24 per cent"" - the model changed ""dropped"" to ""has fallen","In Mecklenburg-Vorpommern, the SPD dropped from 35.6 percent five years ago to 24 percent.",27.13,41.21,14.08,0.9049,0.9264,0.0216
79,"Wie die Konjunktur auch immer liegt, es werden Niedrigstpreise gefordert, bestätigt der Vorsitzende des Gaststättengremiums von Barcelona, Gaietà Farràs.","Whatever conjuncture, everyone demanded a price war, confirms the president of the Gremi Restoration of Barcelona, Gaiet Farrs.","Whatever the conjuncture, low prices are being demanded, confirms the president of the Barcelona Restaurant Association, Gaietà Farràs.","The German ""Konjunktur"" should be ""economic situation"" not ""conjuncture"" - this is a lexical error where the model chose a less common term. The phrase ""es werden Niedrigstpreise gefordert"" should be ""lower prices are being asked"" not ""low prices are being demanded"" - this is a semantic error where the model added ""demanded"" which isn't in the source. The phrase ""bestätigt der Vorsitzende des Gaststättengremiums von Barcelona, Gaietà Farràs"" should be ""confirms Gaietà Farràs, president of the Barcelona Restaurant Association"" not ""confirms the president of the Barcelona Restaurant Association","According to the economic situation, lower prices are being asked, confirms Gaietà Farràs, president of the Barcelona Restaurant Association.",27.02,9.17,-17.86,0.7941,0.7003,-0.0938
4663,"4 Menschen getötet, nachdem Polizisten Gummigeschosse auf Demonstranten in Nepal schießen",4 Killed After Police Fire Rubber Bullets at Protesters in Nepal,4 people killed after police fire rubber bullets at demonstrators in Nepal.,"The German ""Gummigeschosse"" should be ""tear gas"" not ""rubber bullets"" - this is a lexical error where the model chose a different type of ammunition. The phrase ""auf Demonstranten schießen"" should be ""opened fire on demonstrators"" not ""fire rubber bullets at demonstrators"" - this is a semantic error where the model simplified the action. The word ""getötet"" should be ""killed"" not ""killed"" - this is a lexical error where the model chose the same word. The phrase ""nachdem"" should be ""after"" not ""after"" - this is a lexical error where the model chose the same word",4 people killed after police opened fire on demonstrators in Nepal with tear gas.,7.35,5.82,-1.53,0.8994,0.8257,-0.0737
3640,"Es ist nicht nur in unserer Nähe, es ist in uns', betonte er, wie um deutlich zu zeigen, dass er einen nationalen Gründertraum zu verwirklichen sucht.","Not only is it with us, but it's also us"", he insisted, to better show this he solicited a national founding myth.","It is not just in our neighbourhood, it is in ours', he stressed, in order to make it clear that he is a national dreamer.","The German ""Es ist nicht nur in unserer Nähe, es ist in uns'"" should be ""It's not just in our neighbourhood, it's in us"" not ""It is not just in our neighbourhood, it is in ours'","It's not just in our neighbourhood, it's in us, he stressed, in order to make it clear that he is a national dreamer.",4.69,5.83,1.15,0.6192,0.6399,0.0207
65,"""Human Rights First hatte lange Zeit über betont, dass die gegen Muslime gerichtete Gewalt, ebenso wie sämtliche Formen von Hassverbrechen als schwerer Gesetzesverstoβ gegen die Menschenrechte erachtet werden sollten"", fügte Paul Legendre, ein Verantwortlicher der Organisation, bei.","""Human Rights First has long stressed that acts of violence against Moslems, as well as all forms of hate crime, must be regarded as serious violations of human rights,"" adds one of the managers of the organisation, Paul Legendre.","'Human Rights First has long emphasised that violence against Muslims, as well as all forms of hate crime, should be seen as a serious breach of human rights', said Paul Legendre, a spokesman for the organisation.","The German ""Human Rights First"" should be ""Human Rights First"" but the model changed it to ""Human Rights First","""Human Rights First has long emphasised that violence against Muslims, as well as all forms of hate crime, should be seen as a serious breach of human rights,"" said Paul Legendre, a spokesman for the organisation.",31.12,42.25,11.13,0.8947,0.8983,0.0037
1811,"Dabei hat er selbst vor drei Jahren die Bush-Idee - frische Truppenkontingente in den durch den Bürgerkrieg geplagten Irak auszusenden - als ""unverantwortliche und in ihren Folgerungen karastrophische Entscheidung"" kritisiert.","While three years ago he himself criticised Bush's idea to send fresh troops to help in the beleaguered civil war in Iraq as ""an irresponsible decision with catastrophic consequences"".","Three years ago, he himself criticised the idea of sending fresh troops to the war-torn Iraq as an 'irresponsible and disastrous decision'.","The German ""Bush-Idee"" should be ""Bush's idea"" not ""the idea of sending fresh troops"" - this is about George W. Bush's decision, not about sending troops. The phrase ""frische Truppenkontingente"" should be ""fresh troops"" not ""fresh troops"" - this is about new troops, not fresh troops. The phrase ""auszusenden"" should be ""sending"" not ""sending"" - this is about sending, not about sending. The phrase ""als 'unverantwortliche und in ihren Folgerungen karastrophische Entscheidung'"" should be ""as an 'irresponsible and disastrous decision'"" not ""as an 'irresponsible and disastrous decision'"" - this is correct","Three years ago, he himself criticised Bush's idea - sending fresh troops to the war-torn Iraq - as an ""irresponsible and disastrous decision"".",9.65,19.26,9.61,0.8642,0.8638,-0.0004
1815,"Ich erwarte, dass sich Großbritannien von diesem Projekt distanziert in der Hoffnung, sich bei den USA einzuschmeicheln.","I expect the UK will distance itself from this project, hoping to cosy up to the US.",I expect that Britain will distance itself from this project in the hope of ingratiating itself with the Americans.,the translation accurately captures the meaning,I expect that Britain will distance itself from this project in the hope of ingratiating itself with the Americans.,28.73,28.73,0,0.8433,0.8433,0
1727,Von dem Brand waren auch eine Fernwärme- und eine Stromleitung betroffen.,A district heating pipe and a power supply line were also affected by the fire.,The fire also affected a gas pipe and an electricity cable.,"The German ""Fernwärme- und Stromleitung"" should be ""heating and electricity cable"" not ""gas pipe and electricity cable"" - this is about heating cables, not gas pipes. The phrase ""betroffen"" should be ""affected"" not ""affected"" - the model repeated the same word. The word ""Brand"" should be ""fire"" not ""fire"" - this is redundant",The fire also affected a heating and electricity cable.,7.89,6.3,-1.59,0.8161,0.8025,-0.0136
4918,"""Das ist ein echtes Problem, und es ist nicht weit hergeholt zu denken, dass die Leute sich dort ein Zimmer mieten und sich dann dort darauf einstellen, eine Übung aufzuzeichnen.","""That is a real concern and it's not far-fetched to think that people can rent a room and sit up there and videotape a practice.","This is a real problem, and it is not far-fetched to think that people will rent a room there and then focus on recording a workout.","The German ""Das ist ein echtes Problem"" should be ""This is a real issue"" not ""This is a real problem"" - ""issue"" is more specific than ""problem","""This is a real issue, and it is not far-fetched to think that people will rent a room there and then focus on recording a workout.""",28.09,26.49,-1.6,0.8569,0.8742,0.0173
2037,"Orange County Behörden wollten eine fünfspurige Autobahn durch die Stadt legen, um den Kennedy Boulevard zu ersetzen, die langsame zweispurige Hauptstraße der Gemeinde.","Orange County officials wanted to put a five-lane highway through town to replace Kennedy Boulevard, the community's puttering two-lane main street.","Orange County authorities wanted to build a five-lane highway through the town to replace Kennedy Boulevard, the slow two-lane main street of the municipality.","The German ""Orange County Behörden"" should be ""Orange County officials"" not ""Orange County authorities"" - more formal. The phrase ""wollten eine fünfspurige Autobahn durch die Stadt legen"" should be ""wanted to build a five-lane highway through the city"" not ""build a five-lane highway through the town"" - ""stadt"" (city) vs ""town","Orange County officials wanted to build a five-lane highway through the city to replace Kennedy Boulevard, the slow two-lane main street of the municipality.",40.74,45.92,5.19,0.9018,0.8998,-0.002
1461,"Viele an der Wall Street betrachten die neuen Gepäckgebühren als Zeichen dafür, dass die Fluggesellschaften genug Geld einnehmen, um nach Jahren der Verluste die Kosten von Flugreisen zu decken.",Many on Wall Street view the addition of baggage fees as a sign that airlines are charging enough money to cover the cost of air travel after years of losses.,Many on Wall Street see the new baggage fees as a sign that the airlines are making enough money to cover the cost of flying after years of losses.,"The German ""an der Wall Street"" should be ""on Wall Street"" not ""Many on Wall Street"" - this is a lexical error where the model changed the definite article to a quantifier. The phrase ""die neuen Gepäckgebühren"" should be ""the new baggage fees"" not ""the new baggage fees"" - this is a lexical error where the model omitted the definite article. The phrase ""die Fluggesellschaften"" should be ""airlines"" not ""the airlines"" - this is a lexical error where the model omitted the definite article. The phrase ""die Kosten von Flugreisen zu decken"" should be ""to cover the cost of flying"" not ""to cover the cost of flying"" - this is a lexical error where the model omitted the definite article","On Wall Street, the new baggage fees are seen as a sign that the airlines are making enough money to cover the cost of flying after years of losses.",54.54,42.98,-11.56,0.9042,0.8906,-0.0136
3969,"""Wir haben das Unmögliche möglich gemacht, um die Vorjahrespreise mit Menüs für jeden Geschmack von 19,95 bis 30 Euro aufrechtzuerhalten"", erklärt er.","""We have done the impossible to maintain the same prices of the year last, with menus for all the tastes from 19.95 to 30 Euros,"" they detail.",He explains: 'We have made the impossible possible to maintain last year's prices with menus for every taste from 19.95 to 30 euros'.,"The German ""Wir haben das Unmögliche möglich gemacht"" should be ""We have made the impossible possible"" not ""He explains: 'We have made the impossible possible"" - the model added unnecessary attribution. The phrase ""um die Vorjahrespreise mit Menüs für jeden Geschmack von 19.95 bis 30 Euro aufrechtzuerhalten"" should be ""to maintain last year's prices with menus for every taste from 19.95 to 30 euros"" not ""to maintain last year's prices with menus for every taste from 19.95 to 30 euros"" - the model omitted the quotation marks around ""Vorjahrespreise","""We have made the impossible possible to maintain last year's prices with menus for every taste from 19.95 to 30 euros,"" he explains.",13.56,17.13,3.56,0.8524,0.8578,0.0054
1142,"In der Geschichte eines deutschen Schulmädchens erzählt er: ""Ersatz, überall Ersatz.""","In telling a German schoolgirl's story he says: ""Ersatz, everywhere ersatz.""","In the history of a German schoolgirl he tells: 'Substitute, substitute, substitute.'","The German ""Ersatz, überall Ersatz"" should be ""substitutes, everywhere substitutes"" not ""Substitute, substitute, substitute"" - this is about multiple replacements/substitutions, not repeating the word ""substitute. The phrase ""In der Geschichte eines deutschen Schulmädchens"" should be ""In the history of a German schoolgirl"" not ""In the history of a German schoolgirl"" - the model got this exactly right. The word ""erzählt"" should be ""tells"" not ""tells"" - the model got this right","In the history of a German schoolgirl he tells: ""Substitutes, everywhere substitutes.""",6.26,9.67,3.42,0.5976,0.6949,0.0973
3411,"Laut einer vorsichtigen Aussage von Beobachtern der Organisation of American States and the Caribbean Community ""machen diese Unregelmäßigkeiten, so ernst sie auch sein mögen, den Prozess nicht notwendigerweise ungültig"".","Observers from the Organisation of American States and the Caribbean Community said cautiously that they did ""not believe these irregularities, serious as they were, necessarily invalidated the process.""","According to a cautious statement by observers of the Organisation of American States and the Caribbean Community, these irregularities, however serious they may be, do not necessarily make the process invalid.",the translation accurately captures the meaning,"According to a cautious statement by observers of the Organisation of American States and the Caribbean Community, these irregularities, however serious they may be, do not necessarily make the process invalid.",30.28,30.28,0,0.825,0.825,0
3093,"Am weitesten ist hier Sony Ericsson, dessen Handys aus der Serie Walkman die gleiche Nutzerschnittstelle haben wie die einzeln verkauften MP3-Player.","Sony Ericsson, whose cell phones from the walkman series have the same user interface as the MP3 players sold separately, is the most advanced in the field.","The most far-reaching is Sony Ericsson, whose Walkman phones have the same user interface as the MP3 players sold separately.","The German ""aus der Serie Walkman"" should be ""from the Walkman series"" not ""from the Walkman phones"" - ""Serie"" refers to a product line/series, not individual phones. The phrase ""gleiche Nutzerschnittstelle haben"" should be ""have the same user interface"" not ""have the same user interface"" - this is grammatically correct. The phrase ""MP3-Player"" should be ""MP3 player"" not ""MP3 players"" - singular form is more natural","The most far-reaching is Sony Ericsson, whose handsets from the Walkman series have the same user interface as the MP3 player.",42.47,37.1,-5.36,0.8422,0.819,-0.0232
2972,HP beschäftigte zum Ende des Geschäftsjahres 2013/14 noch rund 302.000 Mitarbeiter.,"At the end of the 2013/14 business year HP still employed around 302,000 staff.","At the end of the financial year 2013/14, HP still employed around 302 000 employees.","The German ""Beschäftigte"" should be ""employees"" not ""employed"" - this is a lexical error where the model chose the wrong verb form. The phrase ""zum Ende des Geschäftsjahres 2013/14"" should be ""at the end of the financial year 2013/14"" not ""At the end of the financial year 2013/14"" - this is a punctuation error where the model added unnecessary commas. The German ""rund"" should be ""around"" not ""around"" - this is a lexical error where the model chose the wrong preposition","At the end of the financial year 2013/14, HP still employed around 302 000 employees.",39.52,39.52,0,0.9357,0.9357,0
2665,"Ein seltener Moment, in dem der normalerweise großspurig und selbstsicher auftretende Multimillionär so etwas wie Bedenken äußerte, wie Korrespondenten berichteten.","It was a strange moment - the multi-millionaire normally puts on a pompous, self-assured performance, but this time he expressed something analogous to doubt, as correspondents report.","A rare moment when the normally flamboyant and self-confident multimillionaire expressed some doubts, as reported by correspondents.","The German ""Multimillionär"" should be ""billionaire"" not ""multimillionaire"" - this is a lexical error where the model chose a less specific term. The phrase ""so etwas wie Bedenken äußerte"" should be ""expressed some reservations"" not ""expressed some doubts"" - ""reservations"" is more precise than ""doubts","A rare moment when the normally flamboyant and self-assured billionaire expressed some reservations, as reported by correspondents.",3.04,3.14,0.09,0.7792,0.7789,-0.0003
1989,Solarworld belegte bei einer Studie des Great Place to Work Instituts den 55. Platz unter den 100 besten Arbeitgebern Deutschlands.,Solarworld came in 55th place among the 100 best employers in Germany in a study by the Great Place to Work Institute.,Solarworld was ranked 55th in a study by the Great Place to Work Institute.,"The German ""belegte bei einer Studie des Great Place to Work Instituts den 55. Platz unter den 100 besten Arbeitgebern Deutschlands"" should be ""was ranked 55th among the top 100 employers in Germany by the Great Place to Work Institute"" not just ""was ranked 55th in a study by the Great Place to Work Institute",Solarworld was ranked 55th among the top 100 employers in Germany by the Great Place to Work Institute.,42.89,40.13,-2.76,0.8319,0.9146,0.0826
1693,"Manchmal nicht, denn im Extremfall führt sie dazu, dass Menschen extreme körperliche Risiken auf sich nehmen und dem Glücksspiel oder Drogen verfallen, um sie zu lindern - das haben Studien gezeigt.","Sometimes no, because in its extreme it can lead people to take absurd physical risks, gamble or indulge in substance abuse as a way to ease it, research shows.","Sometimes not, because in extreme cases it leads to people taking extreme physical risks and becoming addicted to gambling or drugs in order to alleviate it - that has been shown by studies.","The German ""Manchmal nicht"" should be ""Sometimes"" not ""Sometimes not"" - this is a semantic error where the model reversed the meaning. The phrase ""führt sie dazu, dass Menschen extreme körperliche Risiken auf sich nehmen und dem Glücksspiel oder Drogen verfallen, um sie zu lindern - das haben Studien gezeigt"" should be ""it can lead to people taking extreme physical risks and becoming addicted to gambling or drugs in order to alleviate it - studies have shown this"" not ""it leads to people taking extreme physical risks and becoming addicted to gambling or drugs in order to alleviate it - that has been shown by studies"" - this is a semantic error where the model reversed the causality. The phrase ""im Extremfall"" should be ""in extreme cases"" not ""in extreme cases"" - this is a lexical error where the model repeated the phrase unnecessarily","Sometimes, because in extreme cases it can lead to people taking extreme physical risks and becoming addicted to gambling or drugs in order to alleviate it - studies have shown this.",6.5,9.65,3.14,0.8548,0.8468,-0.0079
3432,Der Audi des 33-Jährigen war nicht mehr fahrbereit und musste abgeschleppt werden.,The Audi belonging to the 33-year-old could no longer be driven and had to be towed away.,The 33-year-old's Audi was not roadworthy and had to be towed away.,"The German ""war nicht mehr fahrbereit"" should be ""was no longer roadworthy"" not ""was not roadworthy"" - ""no longer"" is more precise than ""not",The 33-year-old's Audi was no longer roadworthy and had to be towed away.,33.36,36.38,3.02,0.8589,0.8814,0.0224
245,"Der Richter Jean-François Molla sagte, dass die Lebensmittelgeschäfte, Cafés und Restaurants eine viel größere Rolle spielen würden, als lediglich Leute zu ernähren, die ""in extrem prekären Bedingungen leben.""","The judge, Jean-François Molla, said the groceries, cafes and restaurants played a much bigger role than simply feeding people that ""live in extremely precarious conditions.""","Judge Jean-François Molla said that food shops, cafes and restaurants would play a much greater role than simply feeding people in 'extreme poverty'.","The German ""in extrem prekären Bedingungen leben"" should be ""in extremely precarious living conditions"" not ""in 'extreme poverty'"" - this is about living conditions, not just poverty. The phrase ""eine viel größere Rolle spielen würden"" should be ""would play a much more important role"" not ""would play a much greater role"" - ""more important"" is more natural than ""greater","Judge Jean-François Molla said that food shops, cafes and restaurants would play a much more important role than simply feeding people in extremely precarious living conditions.",23.19,27.51,4.31,0.8674,0.8744,0.007
4810,Aber es ist mit Sicherheit keine radikale Initiative - jedenfalls nicht nach amerikanischen Standards.,But it in certainly not a radical initiative - at least by American standards.,But it is certainly not a radical initiative - at least not by American standards.,the translation accurately captures the meaning,But it is certainly not a radical initiative - at least not by American standards.,64.14,64.14,0,0.9589,0.9589,0
3209,Am Fuße des Baumes sollen sich die vom Aufstieg erschöpften Tierhüter ausgeruht haben.,"The herdsmen, exhausted after the ascent, rested at the foot of the tree.","At the foot of the tree, the animal handlers should have a rest.","The German ""vom Aufstieg erschöpten"" should be ""exhausted by the climb"" not ""animal handlers"" - this is about the exhaustion of climbers, not animal handlers. The phrase ""Tierhüter"" should be ""climbers"" not ""animal handlers"" - this is about people who climbed the tree, not animal caretakers. The word ""ausgeruht haben"" should be ""rested"" not ""should have a rest"" - the model changed the past tense to future and added ""should","At the foot of the tree, the climbers should have rested, exhausted by the climb.",25.88,25.89,0.01,0.6183,0.7807,0.1624
2163,HR4-RADTOUR 700 Fahrradfahrer legen im Kurpark von Bad Salzhausen und Schotten Zwischenstopps ein,HR4-CYCLE TOUR 700 cyclists are taking a breather in the health resort of Bad Salzhausen and Schotten,HR4-RADTOUR 700 cyclists are stopping for refreshments in the Kurpark of Bad Salzhausen and Schotten.,"The German ""legen im Kurpark von Bad Salzhausen und Schotten Zwischenstopps ein"" should be ""make stops in the Kurpark of Bad Salzhausen and Schotten"" not ""are stopping for refreshments"" - this is about making scheduled stops, not spontaneous refreshment breaks. The phrase ""HR4-RADTOUR 700"" should be ""HR4-RADTOUR 700 cyclists"" not just ""HR4-RADTOUR 700 cyclists"" - the ""700"" should be emphasized. The word ""Zwischenstopps"" should be ""stops"" not ""refreshments",HR4-RADTOUR 700 cyclists make stops in the Kurpark of Bad Salzhausen and Schotten.,30.25,26.59,-3.66,0.695,0.6826,-0.0124
2917,"""Das Spiel gegen Schapdetten, das ist es, was wir nun gewinnen müssen"", sagte Lewandowski.","The game against Schapdetten, that’s one we have to win now, said Lewandowski.",Lewandowski said: 'The game against Schapdetten is what we have to win now'.,"The German ""Schapdetten"" should be ""Schapdetten"" not ""Schapdetten"" - this is a proper noun that should remain untranslated. The phrase ""das ist es, was wir nun gewinnen müssen"" should be ""that's what we have to win now"" not ""what we have to win now"" - the ""nun"" (now) should be emphasized. The word ""sagte"" should be ""said"" not ""said","""The game against Schapdetten, that's what we have to win now,"" said Lewandowski.",24.34,53.82,29.48,0.888,0.9035,0.0155
3242,"Eine positive Nachricht kam aus der Republik Irland, wo der PMI auf 57,3 anstieg, dem höchsten Niveau seit Ende 1999.","One positive note was from the Republic of Ireland, which saw its PMI grow to 57.3, its highest level since the end of 1999.","Good news came from the Republic of Ireland, where the PMI rose to 57.3, the highest level since the end of 1999.","The German ""Republik Irland"" should be ""Republic of Ireland"" not ""Republic of Ireland"" - this is a lexical error where the model didn't capitalize properly. The phrase ""dem höchsten Niveau seit Ende 1999"" should be ""the highest since the end of 1999"" not ""the highest level since the end of 1999"" - this is a semantic error where the model changed ""Niveau"" (level) to ""level","Good news came from the Republic of Ireland, where the PMI rose to 57.3, the highest since the end of 1999.",47.99,40.23,-7.76,0.9077,0.9001,-0.0076
4344,"Der norwegische Diplomat drängte die Vereinigten Staaten und andere Militärmächte auch, die Anzahl der internationalen zivilen Helfer zu erhöhen, die bei der politischen Umstellung Afghanistans helfen sollen.",The Norwegian diplomat also pressed the United States and other military powers to increase the number of international civil servants aiding Afghanistan's political transition.,The Norwegian diplomat also urged the United States and other military powers to increase the number of international civilian assistants to help with the political transformation of Afghanistan.,"The German ""politischen Umstellung Afghanistans"" should be ""Afghanistan's political transformation"" not ""political transformation of Afghanistan",The Norwegian diplomat also urged the United States and other military powers to increase the number of international civilian assistants to help with Afghanistan's political transformation.,51.71,57.41,5.7,0.8918,0.8963,0.0045
1790,"Jedoch sei der Mittelwert an neuen Arbeitssuchenden während der letzten vier Wochen ""auf den Tiefpunkt des Jahres gefallen"", betonte Scott Marcouiller von Wells Fargo Advisors.","However, in the last four weeks, the average number of new employment seekers ""has fallen to its lowest in a year"", highlighted Scott Marcouiller from Wells Fargo Advisors.","However, the average number of new job seekers over the past four weeks has 'fallen to the lows of the year', said Scott Marcouiller of Wells Fargo Advisors.","The German ""auf den Tiefpunkt des Jahres gefallen"" should be ""hit rock bottom for the year"" not ""fallen to the lows of the year"" - ""Tiefpunkt"" means absolute lowest point, not just low. The phrase ""betonte...von Wells Fargo Advisors"" should be ""said Scott Marcouiller of Wells Fargo Advisors"" not ""said Scott Marcouiller of Wells Fargo Advisors"" - the model added ""of Wells Fargo Advisors"" which is redundant","However, the average number of new job seekers over the past four weeks has ""hit rock bottom for the year,"" said Scott Marcouiller of Wells Fargo Advisors.",26.25,26.91,0.66,0.8879,0.8806,-0.0074
2066,"Die Initiative wurde schon im letzten Monat im Juni angekündigt und schon jetzt ein Teil des Berichtes der Generalstaatsanwaltschaf ist. Nach ihren Angaben handelt es sich um ein Piloten-Projekt, welches ein Jahr lang dauern wird.","The measure was announced last June and has been already included in the Annual Report of the State Attorney General, according to which it will be a pilot project for a period of one year.","The initiative was announced last month, in June, and a part of the General Prosecutor's report has already been published. According to them, it is a pilot project that will last for a year.","The German ""Generalstaatsanwaltschaf"" should be ""General Prosecutor's Office"" not ""General Prosecutor's report"" - this is a semantic error where the model misunderstood the organizational structure. The phrase ""ein Teil des Berichtes"" should be ""a part of the report"" not ""a part of the General Prosecutor's report"" - this is a lexical error where the model added unnecessary information. The word ""Piloten-Projekt"" should be ""pilot project"" not ""pilot project"" - this is a lexical error where the model didn't improve the translation","The initiative was announced last month, in June, and a part of the report of the General Prosecutor's Office is already a part of the report. According to them, it is a pilot project that will last for a year.",9.6,8.28,-1.33,0.8253,0.7642,-0.0611
2786,"Der Schuss kam aus einem Kleinwagen, der an einer Gruppe von sechs Kindern vorbeigefahren war und plötzlich angehalten hatte.","The shots came from a small car, which drove past a group of six children and suddenly stopped.",The shot came from a small car that had stopped in front of a group of six children.,"The German ""Schuss"" should be ""gunshot"" not ""shot"" - this is a lexical error where the model chose a less specific term. The phrase ""an einer Gruppe von sechs Kindern vorbeigefahren"" should be ""passed by a group of six children"" not ""stopped in front of a group of six children"" - this is a semantic error where the model added unnecessary detail. The German ""plötzlich angehalten"" should be ""suddenly stopped"" not ""stopped"" - this is a lexical error where the model chose a less dramatic term",The gunshot came from a small car that passed by a group of six children and suddenly stopped.,38.4,59.51,21.11,0.867,0.87,0.0029
1964,"""Mir ist immer sein Raffinement, seine Ruhe, sein gepflegtes und perfektes Äußeres aufgefallen"", gibt D'Arenberg zu.","""I've always been struck by his refined and calm manner, and his neat and perfect appearance"" acknowledges D'Arenberg.","D'Arenberg admits that he is always impressed by his refinement, his calmness and his impeccable appearance.","The German ""Mir ist immer sein Raffinement, seine Ruhe, sein gepflegtes und perfektes Äußeres aufgefallen"" should be ""I have always been struck by his refinement, his calmness and his impeccable appearance"" not ""I am always impressed by his refinement, his calmness and his impeccable appearance","""I have always been struck by his refinement, his calmness and his impeccable appearance,"" D'Arenberg admits.",5.96,21.77,15.81,0.862,0.9164,0.0545
766,"Der Bootmotor verfügte zwar über eine Notstoppleine, diese löste sich allerdings beim Kentern des Boots von der Person los, die das Boot steuerte.",The boat's engine had an emergency kill cord but it had somehow come detached from the person driving the boat when it capsized.,"The engine of the boat had a not-stop line, but this came off when the boat capsized.","The German ""Bootmotor"" should be ""engine"" not ""engine of the boat"" - this is about a car engine, not a boat engine. The phrase ""Notstoppleine"" should be ""emergency brake"" not ""not-stop line"" - these are different types of braking systems. The phrase ""löste sich allerdings beim Kentern des Boots von der Person los"" should be ""broke loose from the person steering the boat"" not ""came off when the boat capsized"" - this is about the brake disconnecting from the driver, not the brake line breaking. The model misunderstood the type of braking system and the disconnection mechanism","The engine had an emergency brake, but this broke loose from the person steering the boat when the boat capsized.",5.53,20.52,14.99,0.7047,0.7989,0.0943
3683,"Fällt es Deutschland schwer, bei wichtigen internationalen Themen eine klare Position zu beziehen?",Does Germany find it difficult to adopt a clear position when it comes to important international affairs?,Is it difficult for Germany to take a clear position on important international issues?,the translation accurately captures the meaning,Is it difficult for Germany to take a clear position on important international issues?,12.87,12.87,0,0.9163,0.9163,0
1151,"""Die liegen bei mir auf dem Zentralbankkonto und verursachen 0,4 Prozent Kosten"", sagte der Bankchef.","""The money has been sitting in my account at the Central Bank, and costing 0.4 percent,"" the bank CEO said.",The president of the bank said: 'They are on my central bank account and they cost 0.4 per cent'.,"The German ""Die liegen bei mir auf dem Zentralbankkonto"" should be ""I have them on my Central Bank account"" not ""They are on my central bank account"" - the model changed ""I have"" to ""They are","""I have them on my Central Bank account and they cost 0.4 per cent,"" the bank chief said.",4.37,14.39,10.02,0.8064,0.811,0.0046
3186,"Ich erwartete, Zähneknirschen und handgreifliche Diskussionen am Flugsteig zu sehen.",I was expecting to see gnashing of teeth and a fight breaking out at the gate.,I expected to see toothbrushes and hand-to-hand discussions at the airport.,"The German ""Zähneknirschen"" should be ""toothbrush"" not ""toothbrushes"" - this is a singular/plural error. The phrase ""handgreifliche Diskussionen am Flugsteig"" should be ""hand-to-hand discussions on the tarmac"" not ""hand-to-hand discussions at the airport"" - the model omitted ""on the tarmac"" and changed ""Diskussionen"" to ""discussions",I expected to see a toothbrush and hand-to-hand discussions on the tarmac.,7.26,6.21,-1.05,0.5597,0.4972,-0.0625
1670,"Vor kurzem bist du 30 geworden, bist du in keine Krise verfallen?","Not long ago, you celebrated your 30 years, did you entered a crisis?","Have you turned 30 recently, have you not gone through a crisis?","The German ""Vor kurzem bist du 30 geworden"" should be ""Have you recently turned 30"" not ""Have you turned 30 recently"" - the model added ""recently"" which isn't in the original. The phrase ""bist du in keine Krise verfallen?"" should be ""Have you not fallen into a crisis"" not ""Have you not gone through a crisis"" - the model changed ""verfallen"" (fallen into) to ""gone through","Have you recently turned 30, have you not fallen into a crisis?",11.33,11.33,0,0.788,0.8032,0.0152
4762,Ein Teil des Meeresbodens gehört heute auch der Tschechischen Republik.,Part of the ocean floor currently belongs to the Czech Republic.,A part of the seabed also belongs to the Czech Republic today.,"The German ""Meeresbodens"" should be ""sea bed"" not ""seabed"" - this is a lexical error where the model chose a less formal term. The phrase ""Meeresbodens"" is more formal than ""seabed"" in this context. The word ""Tschechischen Republik"" should be ""Czech Republic"" not ""Czech Republic"" - this is a spelling error where the model didn't correct the Czech spelling",A part of the sea bed today also belongs to the Czech Republic.,34.39,39.35,4.96,0.9004,0.9125,0.012
4377,"Dormans ""Mondolinenkonzert"" erhielt eine Nominierung in der Kategorie Instrumentalsolo mit Orchester.","Dorman's ""Mandolin Concerto"" was nominated for instrumental soloist performance with orchestra.",Dorman's 'Mondolinenkonzert' has been nominated in the Instrumental Solo with Orchestra category.,"The German ""Mondolinenkonzert"" should be ""Mondolin Concerto"" not ""Mondolinenkonzert"" - this is a proper noun that should be capitalized. The phrase ""Instrumentalsolo mit Orchester"" should be ""Instrumental Solo with Orchestra"" not ""Instrumental Solo with Orchestra"" - this is a proper noun that should be capitalized. The word ""Nominierung"" should be ""nomination"" not ""nominated"" - this is about the nomination process, not the nominee","Dorman's ""Mondolin Concerto"" received a nomination in the Instrumental Solo with Orchestra category.",4.05,7.66,3.61,0.8218,0.8682,0.0463
1441,"In seiner Predigt erinnert Pfarrer Adolf Buhl daran, dass das Kreuz ein Zeichen der Hoffnung, des Trostes und des Lebens sei.","In his homily, Father Adolf Buhl reminds us that the cross is a sign of hope, comfort and life.","In his sermon, Pastor Adolf Buhl reminded us that the cross is a symbol of hope, comfort and life.","The German ""In seiner Predigt"" should be ""In his sermon"" not ""In his sermon"" - this is correct. The phrase ""erinnert daran, dass das Kreuz ein Zeichen der Hoffnung, des Trostes und des Lebens sei"" should be ""reminds us that the cross is a symbol of hope, comfort and life"" not ""reminded us that the cross is a symbol of hope, comfort and life"" - the model changed the tense from present to past. The word ""Pfarrer"" should be ""Priest"" not ""Pastor"" - this is a lexical error. The phrase ""dass das Kreuz ein Zeichen der Hoffnung, des Trostes und des Lebens sei"" should be ""that the cross is a symbol of hope, comfort and life"" not ""that the cross is a symbol of hope, comfort and life"" - this is a minor punctuation error","In his sermon, Priest Adolf Buhl reminds us that the cross is a symbol of hope, comfort and life.",53.83,66.44,12.6,0.9083,0.91,0.0017
1573,"Auf einem Geländerundgang müssen die Kinder erraten, welche Geschichten der Wahrheit entsprechen oder doch gelogen sind.","On a tour of the premises, the children will have to work out which stories are true and which have been made up.",The children will have to guess which stories are true and which are false.,"The German ""Geländerundgang"" should be ""railway embankment"" not just ""Geländerundgang"" - this is a proper noun referring to a specific location. The phrase ""die Geschichten der Wahrheit entsprechen oder doch gelogen sind"" should be ""which stories are true or which are lies"" not ""guess which stories are true and which are false"" - the model omitted ""or which are lies"" and changed ""entsprechen"" to ""are","On the railway embankment, the children will have to guess which stories are true or which are lies.",25.87,30.37,4.5,0.8322,0.7943,-0.0379
3906,"Ich erinnere mich, dass Georgij an diesem Tag so gerne zur Schule gehen wollte. Er sagte, er wolle seinen Lehrer umarmen.","I remember Georgy so much wanted to go to school on that day, he said he wanted to hug his teacher.","I remember that George wanted to go to school that day so much, he said he wanted to hug his teacher.","The German ""Georgij"" should be ""Georgy"" not ""George"" - this is a proper noun reference error. The phrase ""zum Schule gehen wollte"" should be ""to go to school"" not ""wanted to go to school"" - the model added ""so much"" which isn't in the original. The German ""umarmen"" should be ""to hug"" not ""hug"" - the model omitted the direct object ""teacher",I remember that Georgy wanted to go to school that day. He said that he wanted to hug his teacher.,62.9,47.11,-15.79,0.9283,0.9133,-0.015
1628,"Der Hotelangestellte sagte, dass die Maßnahme eine ""absichtliche Entscheidung des Managements der Kempinski Hotels sei.""","The hotel's clerk said that the measure was ""a deliberate decision by the management of Kempinski-Hotels.""",The hotel employee said that the measure was a 'deliberate decision by the management of the Kempinski hotels.',"The German ""Hotelangestellte"" should be ""hotel worker"" not ""hotel employee"" - more specific terminology. The phrase ""sagte, dass die Maßnahme eine 'absichtliche Entscheidung des Managements der Kempinski Hotels sei'"" should be ""said that the measure was a 'deliberate decision of the management of the Kempinski hotels'"" not ""said that the measure was a 'deliberate decision by the management of the Kempinski hotels'","The hotel worker said that the measure was a ""deliberate decision of the management of the Kempinski hotels.""",38.28,28.59,-9.68,0.9002,0.9059,0.0057
4475,Darüber hinaus wiederholt Ferrells Geschichte die Rolle der schwarzen schwulen Frauen in der breiteren Black-Lives-Matter-Bewegung.,"Moreover, Ferrell's story reiterates and re-centers the role of black queer women in the broader Black Lives Matter movement.","Furthermore, Ferrell's story repeats the role of black lesbian women in the wider Black Lives Matter movement.","The German ""Darüber hinaus"" should be ""In addition"" not ""Furthermore"" - this is a lexical error where the model chose a less formal word. The phrase ""die Rolle der schwarzen schwulen Frauen in der breiteren Black-Lives-Matter-Bewegung"" should be ""the role of black lesbian women in the broader Black Lives Matter movement"" not ""repeats the role of black lesbian women in the wider Black Lives Matter movement"" - this is a semantic error where the model added unnecessary repetition. The German ""wiederholt"" should be ""repeats"" not ""repeats"" - this is a lexical error where the model chose the same word","In addition, Ferrell's story repeats the role of black lesbian women in the broader Black Lives Matter movement.",39.54,56.58,17.04,0.8657,0.877,0.0113
4098,"In einer gemeinsamen Sitzung bereiteten sich am Samstag die Gremien aus Haslach, Hofstetten, Mühlenbach, Fischerbach, Steinach und Welschensteinach auf die Veränderungen vor.","In a joint meeting on Saturday, the committees from Haslach, Hofstetten, Mühlenbach, Fischerbach, Steinach and Welschensteinach prepared for the changes.","On Saturday, the committees from Haslach, Hofstetten, Mühlenbach, Fischerbach, Steinach and Welschensteinach met to discuss the changes.","The German ""bereiteten sich...auf die Veränderungen vor"" should be ""prepared themselves for the changes"" not ""met to discuss the changes"" - this is about anticipating/preparing, not discussing. The phrase ""die Gremien aus Haslach, Hofstetten, Mühlenbach, Fischerbach, Steinach und Welschensteinach"" should be ""the committees from Haslach, Hofstetten, Mühlenbach, Fischerbach, Steinach and Welschensteinach"" not ""the committees from Haslach, Hofstetten, Mühlenbach, Fischerbach, Steinach and Welschensteinach"" - the model omitted the possessive ""aus","In a joint meeting on Saturday, the committees from Haslach, Hofstetten, Mühlenbach, Fischerbach, Steinach and Welschensteinach prepared themselves for the changes.",64.76,89.85,25.09,0.8847,0.9174,0.0327
0,"Kurz nachdem sie ihre Beziehung aufgelöst hatte, wurde bekannt, dass sie schwanger war.","They decided to split, soon after they found out that she was pregnant.","Shortly after she had broken up with him, it was revealed that she was pregnant.","The German ""Kurz nachdem sie ihre Beziehung aufgelöst hatte"" should be ""Shortly after she had ended her relationship"" not ""Shortly after she had broken up with him"" - ""Beziehung"" (relationship) is more formal than ""breakup","Shortly after she had ended her relationship, it was revealed that she was pregnant.",23.29,24.9,1.62,0.8698,0.8654,-0.0044
542,"Kess verführen sie Siegfried (Stefan Vinke), zerren in Hollywood-Manier eine Leiche in den Kofferraum und geben die Krawallo-Clique.","They saucily seduce Siegfried (Stefan Vinke), lug a body in the boot in Hollywood manner, and play the riotous clique.","Kess is seducing Siegfried (Stefan Vinke), tearing apart a corpse in Hollywood style and giving the Krawallo clique.","The German ""Kess verführen sie Siegfried (Stefan Vinke)"" should be ""Kess seduces Siegfried (Stefan Vinke)"" not ""Kess is seducing Siegfried","Kess seduces Siegfried (Stefan Vinke), tearing apart a corpse in Hollywood style and giving the Krawallo clique.",24.5,24.41,-0.1,0.6167,0.6259,0.0092
3062,"Es geht um eine Frist, die am 1. Oktober für Staaten ablief, um die Standards von 2015 für bodennahes Ozon einzuhalten.",At issue is an Oct. 1 deadline for states to begin meeting 2015 standards for ground-level ozone.,It is about a deadline that expired on 1 October for states to comply with the 2015 standards for ground-level ozone.,"The German ""ablief"" should be ""expired"" not ""expired"" - this is a lexical error where the model missed the past tense. The phrase ""um die Standards von 2015 für bodennahes Ozon einzuhalten"" should be ""to maintain the 2015 standards for ground-level ozone"" not ""to comply with the 2015 standards for ground-level ozone"" - the target uses ""maintain"" instead of ""comply",It is about a deadline that expired on 1 October for states to maintain the 2015 standards for ground-level ozone.,29.11,30.6,1.5,0.8364,0.835,-0.0014
3599,Bisher sind Projekte wie jenes in Portugal und auch Schottland von eher kleiner Dimension und scheinen keinerlei ernst zu nehmende ökologische Probleme zu verursachen.,Till now the plants such as the Portuguese one or some in Scotland are small and do not appear to create big problems for the ecosystem.,"So far, projects such as the one in Portugal and also in Scotland have been of a relatively small scale and do not seem to be causing any serious environmental problems.",the translation accurately captures the meaning,"So far, projects such as the one in Portugal and also in Scotland have been of a relatively small scale and do not seem to be causing any serious environmental problems.",9.02,9.02,0,0.8147,0.8147,0
4101,"Die genauen Vorgänge bei der Entstehung von Sternen aus großen Gaswolken - und damit auch der Entstehung von Planeten, die diese Sterne umkreisen - liegen immer noch im sprichwörtlichen Dunkeln.",The precise processes for the formation of stars from large gas clouds - and thus the formation of the planets that orbit these stars - lie in proverbial darkness.,The exact processes by which stars are formed from large gas clouds - and therefore also the formation of planets that orbit these stars - are still shrouded in mystery.,the translation accurately captures the meaning,The exact processes by which stars are formed from large gas clouds - and therefore also the formation of planets that orbit these stars - are still shrouded in mystery.,36.19,36.19,0,0.8875,0.8875,0
1426,"Doch schon 2004 und in Rheinnähe ist bereits ""Seven Swans"" erschienen und bricht positiv gewisse Erwartungen.","But in 2004 in the Rhine area, ""Seven Swans"" came out, bursting positive expectations.","However, as far back as 2004 and in the Rhineland, 'Seven Swans' has already appeared and is breaking certain expectations.","The German ""Rheinnähe"" should be ""on the Rhine"" not ""in the Rhineland"" - ""Rheinnähe"" means ""on the Rhine"" (geographical location) not ""in the Rhineland"" (administrative region). The phrase ""bricht positiv gewisse Erwartungen"" should be ""has already fulfilled certain expectations"" not ""is breaking certain expectations"" - ""fulfilled"" is more positive than ""breaking","However, as far back as 2004 and on the Rhine, ""Seven Swans"" has already fulfilled certain expectations.",5.36,21.79,16.44,0.715,0.6621,-0.0528
3548,"Moreno schien glücklich, einer Roten Karte und der Verhängung eines Elfmeters entkommen zu sein.",Moreno appeared fortunate to escape a red card and the concession of a spot-kick.,Moreno seemed happy to have escaped a red card and a penalty.,"The German ""einer Roten Karte und der Verhängung eines Elfmeters entkommen zu sein"" should be ""to have escaped a red card and a penalty"" not ""to have escaped a red card and a penalty"" - the model omitted ""to have",Moreno seemed happy to have escaped a red card and a penalty.,19.72,19.72,0,0.805,0.805,0
366,"Nach der Höhe der Investitionen gefragt, will sich Thomas Scherer nicht genau festlegen.","Asked about the level of investments, Thomas Scherer doesn't want to commit himself precisely.","When asked about the level of investment, Thomas Scherer does not want to commit himself.","The German ""Nach der Höhe der Investitionen gefragt"" should be ""asked about the height of the investments"" not ""when asked about the level of investment"" - the reference uses ""height"" while the model uses ""level","Asked about the height of the investments, Thomas Scherer does not want to commit himself.",36.01,36.73,0.73,0.863,0.8142,-0.0488
4853,"US-Präsident Donald Trump deutete an, dass Kanada künftig von Nafta ausgeschlossen werden könnte.",US President Donald Trump indicated that Canada could be excluded from Nafta in future.,US President Donald Trump has indicated that Canada could be excluded from Nafta in the future.,"The German ""ausgeschlossen werden könnte"" should be ""excluded"" not ""could be excluded"" - this is a lexical error where ""ausgeschlossen"" means ""excluded"" not ""could be excluded",US President Donald Trump has indicated that Canada could be excluded from Nafta in the future.,66.75,66.75,0,0.9563,0.9563,0
4616,"Einige Bewohner, einschliesslich der Blogger, die über die Gentrifizierung des East Village schreiben, haben die Idee des Verkaufs von Extra Place abgelehnt, mit dem Argument, dass dieses öffentliche Grundstück, so bescheiden wie es ist, weiterhin öffentlich bleiben soll.","Some residents, including bloggers who write about the gentrification of the East Village, have opposed the idea of selling Extra Place, arguing that the piece of public property, modest as it is, should remain public.","Some residents, including bloggers who write about the gentrification of the East Village, have rejected the sale of Extra Place, arguing that this public land, however modest, should remain public.","The German ""Einige Bewohner, einschliesslich der Blogger, die über die Gentrifizierung des East Village schreiben, haben die Idee des Verkaufs von Extra Place abgelehnt"" should be ""Some residents, including bloggers who have written about the gentrification of the East Village, have rejected the sale of Extra Place"" - the model added ""who write about the gentrification of the East Village"" which doesn't appear in the source. The phrase ""mit dem Argument, dass dieses öffentliche Grundstück, so bescheiden wie es ist, weiterhin öffentlich bleiben soll"" should be ""arguing that this public plot, as modest as it is, should remain public"" not ""arguing that this public land, however modest, should remain public","Some residents, including bloggers who have written about the gentrification of the East Village, have rejected the sale of Extra Place, arguing that this public plot, as modest as it is, should remain public.",56.01,59.04,3.03,0.8884,0.8917,0.0033
175,Erteilen Sie durch Verstecken eine wertvolle und amüsante Lektion über Sicherheit - aber versauen Sie nie jemandes Zimmer mit Zahnpasta und Shampoo.,Teach a valuable and amusing lesson about security by hiding something - but never trash someone's room with toothpaste and shampoo.,"Give a valuable and amusing lesson on safety by hiding things, but never lock someone in a room with toothpaste and shampoo.","The German ""Verstecken"" should be ""conceal"" not ""hide"" - this is a lexical error where the model chose a less specific term. The phrase ""Sicherheit"" should be ""security"" not ""safety"" - this is a semantic error where the model chose a more general term. The phrase ""Zahnpasta und Shampoo"" should be ""toothpaste and shampoo"" not ""toothpaste and shampoo"" - this is a lexical error where the model didn't add the articles. The phrase ""versauen Sie nie jemandes Zimmer"" should be ""never lock someone's room"" not ""never lock someone in a room"" - this is a lexical error where the model chose ""in"" instead of ""someone's",Conceal a valuable and amusing lesson about security - but never lock someone's room with toothpaste and shampoo.,38.79,58.82,20.03,0.8376,0.767,-0.0706
3119,"Sie leben inmitten der Großfamilie, werden geliebt, umsorgt und sind glücklich.","They live among their extended family, are loved, cared for and are happy.","They live in a large family, they are loved, they are cared for and they are happy.","The German ""Großfamilie"" should be ""big family"" not ""large family"" - this is a lexical error where the model chose a less specific term. The phrase ""umgesorgt"" should be ""cuddled"" not ""cared for"" - this is a semantic error where the model chose a less intimate verb. The word ""glücklich"" should be ""joyful"" not ""happy"" - this is a lexical error where the model chose a less intense emotion","They live in the midst of the big family, they are loved, cuddled and joyful.",19.14,12.51,-6.63,0.8791,0.7698,-0.1093
3820,"Wissenschaftler haben zuvor darauf hingedeutet, dass die langsame Umdrehung der Venus durch ihre dichte Atmosphäre erklärt werden könnte.",Scientists have previously suggested that Venus' slow rotation rate is explained by its thick atmosphere.,Scientists had previously suggested that the slow rotation of Venus could be explained by its dense atmosphere.,"The German ""zuvor darauf hingedeutet"" should be ""pointed out earlier"" not ""had previously suggested"" - this is about indicating/pointing out, not suggesting. The phrase ""die langsame Umdrehung der Venus durch ihre dichte Atmosphäre erklärt werden könnte"" should be ""The slow rotation of Venus could be explained by its dense atmosphere"" not ""that the slow rotation of Venus could be explained by its dense atmosphere"" - the model added ""that"" which isn't in the original. The word ""Umdrehung"" should be ""rotation"" not ""rotation",Scientists pointed out earlier that the slow rotation of Venus could be explained by its dense atmosphere.,17.31,12.51,-4.8,0.9175,0.9024,-0.0152
1329,"""Das ist der weiteste Rückzug seit Beginn der Aufzeichnungen"", bestätigte auch er.","""This is the furthest back that it has been since records began,"" he also confirmed.",He also confirmed that this is the farthest retreat since the records began.,"The German ""Das ist der weiteste Rückzug seit Beginn der Aufzeichnungen"" should be ""This is the farthest retreat since records began"" not ""He also confirmed that this is the farthest retreat since the records began"" - the model added ""He also confirmed"" which is redundant and unnecessary. The phrase ""bestätigte auch er"" should be ""he also confirmed"" not ""He also confirmed"" - the model added ""also"" which is redundant. The word ""Aufzeichnungen"" should be ""records"" not ""records began"" - this is a semantic error where the model misunderstood the meaning","""This is the farthest retreat since records began,"" he also confirmed.",7.62,55.47,47.85,0.7947,0.8082,0.0136
3089,"Wenn ich abends mit meinen Patientenniederschriften fertig bin und zu Bett gehe, dann führt mich das Buch zurück in eine Zeit, als die Politik Millionen inspirierte und einem Reden den Atem rauben konnten.","When I'm finished with my patient write-ups at night and get into bed, the book returns me to a time when politics inspired millions and speeches could take your breath away.","When I go to bed at night with my patients' notes, the book takes me back to a time when politics could inspire millions and take your breath away.","The German ""Patientenniederschriften fertig bin"" should be ""finished writing up my patients' notes"" not ""go to bed at night with my patients' notes"" - this is about completing administrative work, not going to bed. The phrase ""dann führt mich das Buch zurück in eine Zeit"" should be ""then the book takes me back to a time"" not ""the book takes me back to a time"" - the model omitted ""when"" and changed the temporal relationship. The phrase ""den Atem rauben konnten"" should be ""could steal breaths away"" not ""take your breath away"" - ""steal"" is stronger than ""take away","When I've finished writing up my patients' notes and go to bed, then the book takes me back to a time when politics could inspire millions and could steal breaths away.",30.42,17.46,-12.96,0.8217,0.8413,0.0196
801,"Nach ihrer Erfahrung setzen weiße feministische Kommentatoren das Geschlecht vor die Rasse, wenn es darum geht, Reproduktionsrecht und Einkommensungleichheiten anzusprechen.","In her experience, white feminist commenters prioritized gender above race when it came to pushing forward reproductive rights and income inequality.","In her experience, white feminist commentators tend to put race before gender when it comes to reproductive rights and income inequalities.","The German ""weiße feministische Kommentatoren"" should be ""white feminist commentators"" not ""white feminist commentators"" - this is about racial identity, not whiteness as a racial category. The phrase ""das Geschlecht vor die Rasse stellt"" should be ""put gender before race"" not ""put race before gender"" - this is about prioritization order, not reversing who comes first. The phrase ""Reproduktionsrecht und Einkommensungleichheiten"" should be ""reproductive rights and income disparities"" not ""reproductive rights and income inequalities"" - ""disparities"" is more precise than ""inequalities","According to her experience, white feminist commentators put gender before race when it comes to reproductive rights and income disparities.",35.71,32.78,-2.93,0.9083,0.8989,-0.0094
40,"In der Welt profilieren sich so die virtuellen Anbieter normalerweise als Low-Cost-Firmen heraus - sie bieten billige Telefongespräche und SMS, was allerdings oft von einem weniger umfangreichen Dienstleistungsangebot begleitet wird.","In this way, virtual operators around the world usually profile themselves as low-cost - they offer inexpensive calling and text messages, which is often balanced out by a more limited offer of services, though.","In the world, the virtual operators normally emerge as low-cost companies, offering cheap calls and SMS, which is often accompanied by a less comprehensive range of services.","The German ""virtuellen Anbieter"" should be ""virtual operators"" not ""virtual operators"" - this is a lexical error where the model didn't capitalize properly. The phrase ""sie bieten billige Telefongespräche und SMS"" should be ""they offer cheap voice calls and SMS"" not ""offering cheap calls and SMS"" - the model omitted ""voice"" which is important in this context. The phrase ""was allerdings oft von einem weniger umfangreichen Dienstleistungsangebot begleitet wird"" should be ""which is often accompanied by a less comprehensive range of services"" not ""which is often accompanied by a less comprehensive range of services"" - the model is correct here","In the world, the virtual operators normally profile themselves as low-cost companies, they offer cheap voice calls and SMS, which is often accompanied by a less comprehensive range of services.",11.3,18.36,7.06,0.8495,0.8573,0.0078
4112,"Wir müssen den Gemeinden aun unzähligen, jungen Mädchen, die von Simone, Gabby und Laurie inspiriert werden, ein leistbareres und leichter zugängliches Turntrainung ermöglichen.","We must bring more affordable and accessible gymnastics training to the communities of countless young girls who are inspired by Simone, Gabby and Laurie.","We must provide the communities with an unlimited number of young girls who are inspired by Simone, Gabby and Laurie with a better and more accessible gymnastics.","The German ""Turntrainung"" should be ""gymnastics training"" not ""gymnastics"" - this is about providing training, not the sport itself. The phrase ""aun unzähligen"" should be ""a large number of"" not ""an unlimited number of"" - ""unzähligen"" is more specific than ""unlimited","We must provide the communities with a large number of young girls inspired by Simone, Gabby and Laurie with a better and more accessible gymnastics training.",43.09,32.2,-10.9,0.7975,0.8461,0.0486
2703,"Es ist auch kein Horden durch Hobbysammlern - es hat eine emotionale Bedeutung: ältere Plattenkäufer behalten ihre Gefühle eher für sich (56 % vs. 53 %) und genießen es, alleine Zeit zu verbringen (69 % vs. 66 %).","It is not just an act of hoarding by hobbyists, either - it has emotional significance: older vinyl buyers are slightly more likely to keep their feelings to themselves (56% versus 53%) and enjoy being alone (69% versus 66%).",There is also no horde of hobby collectors - it has an emotional meaning: older record buyers tend to keep their feelings to themselves (56% vs 53%) and enjoy spending time alone (69% vs 66%).,"The German ""Horden durch Hobbysammlern"" should be ""Hordes of hobby collectors"" not ""horde of hobby collectors"" - the model omitted the definite article. The phrase ""behalten ihre Gefühle eher für sich"" should be ""tend to keep their feelings to themselves"" not ""tend to keep their feelings to themselves"" - the model already has this correctly. The phrase ""genießen es, alleine Zeit zu verbringen"" should be ""enjoy spending time alone"" not ""enjoy spending time alone"" - the model already has this correctly",There is also no Hordes of hobby collectors - it has an emotional meaning: older record buyers tend to keep their feelings to themselves (56% vs 53%) and enjoy spending time alone (69% vs 66%).,36.67,36.67,0,0.8411,0.8199,-0.0211
4165,"Nhaijah Russell, ein sechsjähriges Mädchen, das vor kurzem vier Spritzer von nach Erdbeere duftendem Händedesinfektionsmittel in der Schule eingenommen hatte, wurde in eine Notaufnahme zur Behandlung gebracht.","Nhaijah Russell, a six-year-old girl who recently ingested as many as four squirts of strawberry-scented hand sanitizer at school, was taken to an emergency room for treatment.","Nhaijah Russell, a six-year-old girl who had recently drunk four shots of cherry-scented hand sanitiser at school, was taken to hospital for treatment.","The German ""Händedesinfektionsmittel"" should be ""hand disinfectant"" not ""cherry-scented hand sanitiser"" - this is about disinfecting hands, not cherry-flavored sanitizer. The phrase ""eingenommen hatte"" should be ""had ingested"" not ""had drunk"" - this is about ingesting, not drinking. The phrase ""in der Schule"" should be ""at school"" not ""at school"" - this is redundant. The word ""Notaufnahme"" should be ""emergency department"" not ""hospital"" - this is about urgent care, not general hospitalization","Nhaijah Russell, a six-year-old girl who had recently ingested four shots of hand disinfectant at school, was taken to the emergency department for treatment.",40.69,42.56,1.87,0.8599,0.8446,-0.0152
697,Die CD führt mehr Verbindungslinien SC Pendolino zwischen Prag und Ostrava ein und die Züge nach Sumperk/Jesenik werden im Zeitabstand von zwei Stunden fahren.,Czech Railways is introducing more Pendolino routes between Prague and Ostrava and trains to Šumperk/Jeseník will run on two-hour intervals.,The CD is introducing more SC Pendolino lines between Prague and Ostrava and the trains to Sumperk/Jesenik will run every two hours.,"The German ""führt mehr Verbindungslinien SC Pendolino zwischen Prag und Ostrava ein"" should be ""introduces more SC Pendolino connections between Prague and Ostrava"" not ""is introducing more SC Pendolino lines between Prague and Ostrava"" - the target uses ""connections"" not ""lines",The CD is introducing more SC Pendolino connections between Prague and Ostrava and the trains to Sumperk/Jesenik will run every two hours.,23.71,23.71,0,0.7629,0.7754,0.0125
4359,"Für mich stellte das die größte Attraktion Heathrows dar, genauso wie damals in 2012 in London, als wir einen großen Aufwand betrieben, um sicherzustellen, dass all unsere Nationen und Regionen von den Spielen profitierten.","For me, this was the great attraction of Heathrow, just as it was with London 2012, where we made enormous efforts to ensure that all our nations and regions benefited from the Games.","For me, that was the biggest attraction of Heathrow, just as it was in 2012 in London when we put a lot of effort into making sure that all our nations and regions benefited from the Games.","The German ""Für mich stellte das die größte Attraktion Heathrows dar"" should be ""For me, Heathrow was the biggest attraction"" not ""For me, that was the biggest attraction of Heathrow","For me, Heathrow was the biggest attraction, just as it was in 2012 in London when we put a lot of effort into making sure that all our nations and regions benefited from the Games.",47.57,42.84,-4.73,0.9079,0.8967,-0.0113
3458,Rund 80 Tiere aus fünf verschiedenen Kontinenten genießen jede Streicheleinheit.,About 80 animals from five different continents enjoy every bit of attention.,Around 80 animals from five different continents enjoy every stroke.,"The German ""genießen jede Streicheleinheit"" should be ""enjoy every stroke of luck"" not ""enjoy every stroke"" - ""Streicheleinheit"" refers to good fortune/luck, not physical strokes. The phrase ""genießen jede Streicheleinheit"" should be ""enjoy every stroke of luck"" not ""enjoy every stroke",Around 80 animals from five different continents enjoy every stroke of luck.,58.27,59.15,0.87,0.7281,0.8264,0.0983
1288,"Auβerdem beinhaltet diese Version auch noch, als wenn das noch nicht genug an Ausstattung wäre, das Paket Premium, welches für zusätzliche 1.500 Euro folgendes enthält: neben weiteren Elementen vor allem die lernfähigen Bixenon-Scheinwerfer und das Soundsystem BOSE mit CD-Lader.","Additionally, with less equipment, this version comes with the Premium Pack, which, for 1,500 euros, also features: bi-xenon adaptive headlights and a BOSE sound system with CD changer, among other things.","Furthermore, this version also includes the Premium package, which costs an additional EUR 1 500 and includes, among other things, the Bixenon headlights and the Bose sound system with CD player.","The German ""Auβerdem beinhaltet diese Version auch noch"" should be ""In addition, this version also includes"" not ""Furthermore, this version also includes"" - different grammatical structure. The phrase ""das Paket Premium"" should be ""the Premium Pack"" not ""the Premium package"" - different capitalization. The phrase ""neben weiteren Elementen vor allem die lernfähigen Bixenon-Scheinwerfer und das Soundsystem BOSE mit CD-Lader"" should be ""In addition, the Premium Pack includes, among other things, the learning Bixenon headlights and the BOSE sound system with CD player"" not ""the Bixenon headlights and the Bose sound system with CD player"" - missing ""learning"" and ""among other things","In addition, this version also includes the Premium Pack, which costs an additional EUR 1 500 and includes, among other things, the learning Bixenon headlights and the BOSE sound system with CD player.",18.27,28.97,10.69,0.7948,0.7675,-0.0273
2364,"Soviel im Voraus:""Mathieu (Debuchy), Yohan (Cabaye) und Adil (Rami) werden dabei sein"", vergegenwärtigt er.","All the more so, since opposite are Mathieu (Debuchy), Yohan (Cabaye) and Adil (Rami) ,"" he recalls.","Mathieu (Debuchy), Yohan (Cabaye) and Adil (Rami) will be there, he says.","The German ""Soviel im Voraus"" should be ""in advance"" not just ""Mathieu (Debuchy), Yohan (Cabaye) and Adil (Rami) will be there","""In advance: Mathieu (Debuchy), Yohan (Cabaye) and Adil (Rami) will be there,"" he said.",50.45,55.11,4.67,0.7339,0.7155,-0.0184
2289,"Das Problem ist, dass Deutschland Wagner spielen will und die anderen Länder die neunte Sinfonie Beethovens.",The problem is that Germany wants to play Wagner and the rest the hymn of joy of Beethoven.,The problem is that Germany wants to play Wagner and the other countries want to play Beethoven's Ninth Symphony.,"The German ""die neunte Sinfonie Beethovens"" should be ""Beethoven's Ninth Symphony"" not ""Beethoven's Ninth Symphony"" - the model omitted the possessive ""s",The problem is that Germany wants to play Wagner and the other countries want to play Beethoven's Ninth Symphony.,52.21,52.21,0,0.7954,0.7954,0
1940,"Adam Fitzpatrick, Neighbourhood Enforcement Manager von Cornwall Housing, sagte aus, dass es die Familie verabsäumt hätte mit den lokalen Behörden zu kooperieren.","Adam Fitzpatrick, Cornwall Housing's neighbourhood enforcement manager, said the family failed to cooperate with the local authority.","Adam Fitzpatrick, Neighbourhood Enforcement Manager at Cornwall Housing, said the family had failed to work with the local authorities.","The German ""Neighbourhood Enforcement Manager"" should be ""Neighbourhood Officer"" not ""Neighbourhood Enforcement Manager"" - this is a semantic error where the model misunderstood the job title. The phrase ""verabsäumt hätte mit den lokalen Behörden zu kooperieren"" should be ""failed to cooperate with the local authorities"" not ""failed to work with the local authorities"" - this is a lexical error where the model used ""work"" instead of ""cooperate","Adam Fitzpatrick, Neighbourhood Officer at Cornwall Housing, said the family had failed to cooperate with the local authorities.",22.48,41.35,18.88,0.9125,0.9132,0.0007
2228,"Ich bin sehr emotional, weil meine Familie auch hier ist",I'm very emotional because my family are here as well,I am very emotional because my family is also here.,"The German ""Ich bin sehr emotional"" should be ""I am very moved"" not ""I am very emotional"" - ""moved"" is more poetic/emotional than ""emotional"" in this context. The phrase ""meine Familie auch hier ist"" should be ""my family is also present"" not ""my family is also here"" - ""present"" is more formal than ""here","I am very moved, because my family is also present.",36.72,13.55,-23.17,0.9581,0.9063,-0.0518
1175,"Er muss auch ein Mitbestimmungsrecht bei Entscheidungen haben, die die Leistung des Teams beeinflussen.",He must also have a say in the decisions that impact the team's performance.,He must also have a say in decisions that affect the team's performance.,"The German ""Mitbestimmungsrecht"" should be ""right of co-determination"" not ""a say"" - this is a lexical error where the model chose a less precise term. The phrase ""bei Entscheidungen die die Leistung des Teams beeinflussen"" should be ""in decisions affecting the team's performance"" not ""that affect the team's performance"" - this is a semantic error where the model changed the grammatical structure. The word ""muss"" should be ""must"" not ""He must"" - this is a lexical error where the model added unnecessary pronoun reference",He must also have the right of co-determination in decisions affecting the team's performance.,61.42,35.63,-25.79,0.9567,0.8848,-0.0719
4550,"Jetzt, ohne das kritische Sektoren auf der Lauer liegen, könnte der Zeitpunkt gekommen sein, um diese Angelegenheit wieder aufzugreifen und für immer abzuschließen.","Now, without critical sectors on the matter, could be a good moment to retake it and try to close it for always.","Now that the critical sectors are not lying in wait, the time may have come to take up this matter again and to settle it once and for all.",the translation accurately captures the meaning,"Now that the critical sectors are not lying in wait, the time may have come to take up this matter again and to settle it once and for all.",3.75,3.75,0,0.7558,0.7558,0
3350,"Doch die Bayern, in sieben Europacup-Duellen mit griechischen Teams unbesiegt, wollten nicht das nächste Opfer sein.","But Bayern, undefeated in seven Europa Cup duels with Greek teams, did not want to be the next victim.","But the Bayern, unbeaten in seven European Cup duels with Greek teams, did not want to be the next victim.","The German ""in sieben Europacup-Duellen mit griechischen Teams unbesiegt"" should be ""unbeaten in seven European Cup duels against Greek teams"" not ""unbeaten in seven European Cup duels with Greek teams"" - the target emphasizes ""against"" not ""with","But the Bavarians, unbeaten in seven European Cup duels against Greek teams, did not want to be the next victim.",69.62,56.11,-13.51,0.9186,0.8969,-0.0217
4542,"Die meisten davon haben im Moment noch keine Ahnung, dass sie so sterben werden.",Most currently have no idea that they will die this way.,Most of them do not yet know that they are going to die.,"The German ""Die meisten davon haben im Moment noch keine Ahnung, dass sie so sterben werden"" should be ""Most of them do not yet know that they will die like this"" not ""Most of them do not yet know that they are going to die",Most of them do not yet know that they will die like this.,7.14,20.45,13.31,0.866,0.8949,0.0289
2458,Die NCAA beseitigt die zwei-Tage-Praktiken und macht einen langen Tag für die Bruins,The NCAA's elimination of two-a-day practices makes for a long day for the Bruins,The NCAA is abolishing the two-day practices and making a long day for the Bruins.,"The German ""beseitigt"" should be ""eliminates"" not ""is abolishing"" - ""eliminates"" is more concise and precise. The phrase ""macht einen langen Tag für die Bruins"" should be ""gives the Bruins a long day"" not ""making a long day for the Bruins"" - ""gives"" is more natural than ""making",The NCAA eliminates the two-day practices and gives the Bruins a long day.,32.38,14.46,-17.92,0.8256,0.829,0.0035
4611,"Laut Stellenanzeige wurden Frauen im Alter von 18 bis 22 mit guter Figur und ""harmonischen Gesichtszügen"" gesucht.","The district's advertisement called for female applicants 18 to 22 years old, with a good figure and ""the five facial features in proper order.""","According to the job advertisement, women aged 18 to 22 with a good figure and 'harmonious facial features' were being sought.","The German ""Stellenanzeige"" should be ""job posting"" not ""job advertisement"" - this is a lexical error where the model chose a more formal term. The phrase ""mit guter Figur und 'harmonischen Gesichtszügen'"" should be ""with a good figure and 'symmetrical face'"" not ""with a good figure and 'harmonious facial features'"" - this is a semantic error where the model lost the specific meaning of symmetry. The word ""gesucht"" should be ""wanted"" not ""were being sought"" - this is a lexical error where the model chose a less direct verb","According to the job posting, women aged 18 to 22 with a good figure and ""symmetrical face"" were wanted.",18.73,22.78,4.05,0.8401,0.8369,-0.0032
1205,"Für die Gebotsabgabe vorausgewählte Unternehmen gaben Gebote ab, welche dann mit der Gebühr pro Barrel Öl verglichen wurden, die das Ministerium bereit war zu zahlen, um den Ausstoß jedes Felds über das aktuelle Niveau hinaus zu steigern.",Companies pre-selected to submit bids made offers that were then compared to the per barrel fee the ministry was willing to pay for boosting output above current levels at each field.,"Bids were submitted by pre-selected companies, which were then compared with the fee per barrel of oil, which the ministry was willing to pay to increase emissions from each field above the current level.","The German ""Gebotsabgabe vorausgewählte Unternehmen"" should be ""companies pre-selected for bidding"" not ""Bids were submitted by pre-selected companies"" - this is about pre-approval for bidding, not actual bids being submitted. The phrase ""mit der Gebühr pro Barrel Öl verglichen wurden"" should be ""were compared to the fee per barrel of oil"" not ""were compared with the fee per barrel of oil"" - different prepositions. The phrase ""die das Ministerium bereit war zu zahlen"" should be ""which the ministry was prepared to pay"" not ""which the ministry was willing to pay"" - ""bereit"" means ""prepared"" not ""willing","Companies pre-selected for bidding were compared to the fee per barrel of oil, which the ministry was prepared to pay in order to increase emissions from each field above the current level.",20.32,11.08,-9.23,0.8316,0.8137,-0.0179
3125,"""Seine Angriffe waren jedoch herabsetzend und viele Leute waren von seiner Wahlkampagne schockiert.""","""However, his attacks were not decent, and many people were caught by surprise by the method of his election campaign.""","However, his attacks were derogatory and many people were shocked by his election campaign.","The German ""Seine Angriffe waren jedoch herabsetzend"" should be ""His attacks, however, were derogatory"" not ""However, his attacks were derogatory"" - the model reversed the sentence structure. The phrase ""von seiner Wahlkampagne schockiert"" should be ""shocked by his campaign"" not ""shocked by his election campaign"" - ""wahlkampagne"" refers to the campaign itself, not the election itself. The word ""herabsetzend"" should be ""derogatory"" not ""derogatory"" - this is already correct","""His attacks, however, were derogatory and many people were shocked by his campaign.""",31.19,15.67,-15.51,0.8416,0.8649,0.0233
1997,"""Wir werden sie nicht unterschätzen"", hatte Bayern-Kapitän Philipp Lahm vor dem Spiel im Karaiskakis-Stadion vor 31.688 heißblütigen Fans versprochen - und die Münchner hielten Wort.","""We aren't going to underestimate them,"" promised Bayern captain Phillipp Lahm before the game in the Karaiskakis Stadium in front of 31,688 hot-blooded fans - and the Munich player kept his word.",Bayern captain Philipp Lahm had promised before the game that they would not underestimate Greece - and the Munich team kept their word.,"The German ""Wir werden sie nicht unterschätzen"" should be ""We will not underestimate them"" not ""that they would not underestimate Greece"" - this is a major semantic error where the model misunderstood who/what is being underestimated. The phrase ""heißblütigen Fans"" should be ""passionate fans"" not ""Munich team"" - this is a lexical error where the model confused the audience with the team. The phrase ""hielten Wort"" should be ""kept their promise"" not ""kept their word"" - this is a lexical error where the model used the wrong idiom","""We will not underestimate them,"" Bayern captain Philipp Lahm had promised before the game at the Karaiskakis stadium in front of 31,688 passionate fans - and the Munich team kept their promise.",11.37,30.65,19.28,0.7716,0.8581,0.0865
3148,"Die Pfälzer Vorfahren von Donald Trump kamen aus einem Ort, dessen Einwohner Angeber genannt werden.",The Palatine ancestors of Donald Trump came from a place whose inhabitants are known as braggarts.,The Palatine ancestors of Donald Trump came from a place whose inhabitants are called the Angevers.,"The German ""Pfälzer"" should be ""Palatine"" not ""Palatine"" - this is a proper noun referring to the region, not the adjective form. The word ""Vorfahren"" should be ""ancestors"" not ""ancestors"" - this is correct. The phrase ""kamen aus einem Ort"" should be ""came from a town"" not ""came from a place"" - ""town"" is more specific than ""place",The Palatine ancestors of Donald Trump came from a town whose inhabitants are called the Angevers.,75.42,57.49,-17.93,0.8097,0.8359,0.0262
2031,"Obwohl mehrere Hamas-Führer getötet und die 1,7 Millionen Einwohner des Gazastreifens in einem der desolatesten und dicht bevölkertesten Ecken des Planeten eingepfercht werden, ist es Israel bis jetzt nicht gelungen, die Hamas zu vernichten.","Despite killing some of its leaders and bottling up Gaza's 1.7m people in one of the most wretched and crowded corners of the planet, Israel has failed to destroy Hamas.","Although several Hamas leaders have been killed and the 1.7 million inhabitants of the Gaza Strip have been subjected to one of the most desolate and densely populated corners of the planet, Israel has not yet managed to destroy Hamas.","The German ""eingepfercht werden"" should be ""are under siege"" not ""have been subjected to"" - this is about current situation, not past treatment. The phrase ""ist es Israel bis jetzt nicht gelungen, die Hamas zu vernichten"" should be ""it has not yet managed to eradicate Hamas"" not ""has not yet managed to destroy Hamas"" - ""eradicate"" is more precise than ""destroy","Although several Hamas leaders have been killed and the 1.7 million inhabitants of the Gaza Strip are under siege in one of the most desolate and densely populated corners of the planet, it has not yet managed to eradicate Hamas.",26.02,19.5,-6.51,0.7927,0.757,-0.0357
1295,"""Wir waren nicht daran gewöhnt, diese Kleidung zu tragen"", sagt Degei und deutet auf ihren lebhaften, handgewebten Turban, ihr dunkles Hemd und ihren hellen Rock hin.","""We were not used to wearing these clothes,"" says Degei, indicating her vividly colored, hand-woven turban, dark shirt and a bright skirt.","Degei says: 'We were not used to wearing this clothing'. She points to her brightly woven turban, her dark shirt and her white dress.","The German ""Wir waren nicht daran gewöhnt, diese Kleidung zu tragen"" should be ""We were not accustomed to wearing this attire"" not ""We were not used to wearing this clothing"" - ""gewöhnt"" is more formal than ""used to"" and ""attire"" is more formal than ""clothing","""We were not accustomed to wearing this attire,"" Degei says, pointing to her brightly woven turban, her dark shirt and her white dress.",19.28,16.59,-2.69,0.8777,0.8872,0.0096
4097,Neben Trump Jr. waren auch Trumps Berater und Schwiegersohn Jared Kushner sowie sein damaliger Wahlkampfchef Paul Manafort bei dem Gespräch dabei.,"In addition to Trump Jr., Trump's adviser and son-in-law Jared Kushner and his former campaign manager Paul Manafort were also present at the meeting.","In addition to Trump Jr, Trump's advisor and son-in-law Jared Kushner, and his former campaign manager Paul Manafort were also present.","The German ""Trumps Berater"" should be ""Trump's lawyer"" not ""Trump's advisor"" - ""Berater"" specifically refers to legal representation, not general strategic advice. The phrase ""damaliger Wahlkampfchef"" should be ""former campaign chairman"" not ""former campaign manager"" - ""Wahlkampfchef"" specifically refers to the head of a political campaign, not general campaign management. The phrase ""bei dem Gespräch"" should be ""during the conversation"" not ""were also present"" - this is about participation in the conversation, not physical presence","Besides Trump Jr, Trump's lawyer and son-in-law Jared Kushner, as well as his former campaign chairman Paul Manafort, were also during the conversation.",58.31,18.17,-40.14,0.9169,0.8588,-0.0581
4604,"Das Ministerium ließ sich von ähnlichen Kampagnen in den angelsächsischen Ländern inspirieren, wo man ganz normal Bilder mit drastischen Aufnahmen von Unfallopfern sehen kann.","The ministry found inspiration in similar campaigns in Anglo-Saxon countries, where it is common to find pictures with drastic images of accident victims.","The Ministry was inspired by similar campaigns in the Anglo-Saxon countries, where you can see pictures with dramatic images of victims of accidents.","The German ""ähnlichen Kampagnen"" should be ""similar campaigns"" not ""similar campaigns in the Anglo-Saxon countries"" - the reference omits ""in the Anglo-Saxon countries","The Ministry was inspired by similar campaigns, where you can see pictures with dramatic images of victims of accidents.",17.64,6.5,-11.14,0.8691,0.7887,-0.0804
384,Nach Ansicht des Managements ist das USD 700 Mrd. teure amerikanische Rettungspaket und die dadurch ausgelöste Unsicherheit auf den Märkten schuld an der Talfahrt der Fortis-Aktien.,The management blames the uncertainties overseas - which are linked to accepting the American package of USD 700 billion - for the fall of Fortis shares.,"According to management, the USD 700 billion American bailout package and the uncertainty it has created on the markets are to blame for the fall in Fortis shares.",the translation accurately captures the meaning,"According to management, the USD 700 billion American bailout package and the uncertainty it has created on the markets are to blame for the fall in Fortis shares.",12.16,12.16,0,0.8441,0.8441,0
75,"Denn häufig lösen sich soziale und familiäre Strukturen im Alter auf, ein Chor ist dann eine ideale Gelegenheit, um Zeit mit anderen Menschen zu verbringen.",Social and familial structures often weaken as people grow older - so choir is a perfect way to spend time with other people.,"Because often, in old age, social and family structures dissolve, and a choir is an ideal opportunity to spend time with other people.","The German ""Denn häufig lösen sich soziale und familiäre Strukturen im Alter auf"" should be ""Because in old age, social and family structures often dissolve"" not ""Because often, in old age, social and family structures dissolve"" - the model reversed the subject-verb agreement. The phrase ""ein Chor ist dann eine ideale Gelegenheit, um Zeit mit anderen Menschen zu verbringen"" should be ""a choir is then an ideal opportunity to spend time with other people"" not ""a choir is an ideal opportunity to spend time with other people"" - the model omitted ""then","Because in old age, social and family structures often dissolve, a choir is then an ideal opportunity to spend time with other people.",25.64,27.59,1.95,0.8705,0.8705,0
1975,"Wir sprachen mit Rhon Mizrachi, einem Großmeister des Krav Maga Verbandes in New York, um herauszufinden, wie man mit bewaffneten Räubern auf nahe Entfernung umgeht.","We spoke to Rhon Mizrachi, New York-based grandmaster of the Krav Maga Federation, to find out how to deal with gun-toting muggers at close range.","We spoke to Rhon Mizrachi, a grandmaster of the Krav Maga Association in New York, to find out how to deal with armed robbers at close range.","The German ""Krav Maga Verbandes in New York"" should be ""Krav Maga Association of New York"" not ""Krav Maga Association in New York"" - this is about a specific organization, not a general location. The phrase ""um herauszufinden, wie man mit bewaffneten Räubern auf nahe Entfernung umgeht"" should be ""to find out how to deal with armed robbers at close range"" not ""to find out how to deal with armed robbers at close range"" - the German ""umgeht"" should be ""how to deal with"" not ""how to deal with","We spoke to Rhon Mizrachi, a grandmaster of the Krav Maga Association of New York, to find out how to deal with armed robbers at close range.",58.16,58.16,0,0.871,0.8663,-0.0047
1735,"Was die Forscher dabei allerdings schon seit Jahren verwundert: Die Flugkörper verhalten sich nicht 100-prozentig so, wie man es nach dem altehrwürdigen Gravitationsgesetz erwarten würde.",But what researches have been wondering about for years is this: The objects in flight are not behaving precisely in the way we have come to expect according to the venerable law of gravitation.,"What has been puzzling the researchers for years, however, is that the flight bodies do not behave 100 per cent as expected according to the old-fashioned law of gravity.","The German ""Forscher"" should be ""scientists"" not ""researchers"" - more formal terminology. The phrase ""verhalten sich nicht 100-prozentig so, wie man es nach dem altehrwürdigen Gravitationsgesetz erwarten würde"" should be ""do not behave exactly as predicted by the old-fashioned law of gravity"" not ""do not behave 100 per cent as expected according to the old-fashioned law of gravity"" - the reference uses ""exactly"" instead of ""100 per cent"" and ""predicted"" instead of ""expected","What has been puzzling the scientists for years, however, is that the flight bodies do not behave exactly as predicted by the old-fashioned law of gravity.",6.54,3.68,-2.86,0.8414,0.8526,0.0111
2808,"Porras nennt anschließend einige Möglichkeiten: Es gibt Dinge, die du einem Fremden nicht erzählen würdest. Warum machst du es dann im Internet?","Porras then lists some options: There are things you wouldn't tell a stranger, so why do it online?","Porras then mentions a few possibilities: there are things you would not tell a stranger, so why tell them on the internet?","The German ""nennt anschließend einige Möglichkeiten"" should be ""lists a number of possibilities"" not ""mentions a few possibilities"" - this is about listing, not just mentioning. The phrase ""Es gibt Dinge, die du einem Fremden nicht erzählen würdest"" should be ""There are things you wouldn't tell a stranger"" not ""there are things you would not tell a stranger"" - the model reversed the meaning. The phrase ""Warum machst du es dann im Internet?"" should be ""Why do you do it on the Internet?"" not ""so why tell them on the internet?"" - the model changed the question structure","Porras then lists a number of possibilities: there are things you wouldn't tell a stranger, why do you do it on the Internet?",26.77,36.2,9.42,0.8773,0.8874,0.0101
1115,Ein mit zwei Messern bewaffneter Wahnsinniger hat am Freitag gegen Spätnachmittag zur Hauptgeschäftszeit in der Innenstadt von Clichy-la-Garenne (Hauts-de-Seine) einen Achtzigjährigen getötet und fünf weitere Personen verletzt.,"A crazed man armed with two knives has killed a man in his eighties and wounded five other people in the city centre of Clichy-la-Garenne (Hauts-de-Seine), during rush hour, towards the end of Thursday.",A man armed with two knives killed an 80-year-old man and injured five other people in the centre of Clichy-la-Garenne (Hauts-de-Seine) on Friday afternoon.,"The German ""ein mit zwei Messern bewaffneter Wahnsinniger"" should be ""a madman armed with two knives"" not ""A man armed with two knives"" - the model omitted ""madman","A madman armed with two knives killed an 80-year-old man and injured five other people in the centre of Clichy-la-Garenne (Hauts-de-Seine) on Friday afternoon, during the peak shopping time.",30.31,30.03,-0.28,0.8557,0.8743,0.0186
599,"Das funktioniert wie mit den meisten Wiesn-Besuchern: Leer hin, voll wieder zurück.","It works like with most Wiesn visitors: When it's empty, they head out, and when it's full, they come back.","It works like most Wiesn visitors: empty in, full out.","The German ""Das funktioniert wie mit den meisten Wiesn-Besuchern: Leer hin, voll wieder zurück"" should be ""It works like most Wiesn visitors: empty in, full out again"" not ""It works like most Wiesn visitors: empty in, full out","It works like most Wiesn visitors: empty in, full out again.",12.71,13.41,0.7,0.6549,0.6606,0.0057
4537,"Also so eine Tasche, die man an der Taille zuknöpft und in der man sämtliche notwendigen Proprietäten bei sich trägt.",That is the bag you fasten around your waist to carry all the props you need.,So a bag that you can wear around your waist and in which you can carry everything you need.,"The German ""Tasche, die man an der Taille zuknöpft"" should be ""pocket"" not ""bag"" - this is about clothing pockets, not a bag you wear around your waist. The phrase ""in der man sämtliche notwendigen Proprietäten bei sich trägt"" should be ""with all the necessary items inside"" not ""in which you can carry everything you need"" - ""Proprietäten"" should be ""items"" not ""everything you need"" and ""bei sich trägt"" should be ""inside"" not ""carry",So a pocket that you can wear around your waist and with all the necessary items inside.,13.26,10.93,-2.33,0.7602,0.7192,-0.041
3887,"Das Verteidigungsministerium hatte damals zum Einkauf kein Ausschreibungsverfahren ausgeschrieben, sondern sprach EADS direkt an.",Ministry of Defence did not organize any tender for the purchase and addressed EADS directly.,"At that time, the Ministry of Defence did not launch a tender for the purchase, but went directly to EADS.","The German ""zum Einkauf kein Ausschreibungsverfahren ausgeschrieben"" means ""did not launch a procurement procedure"" not ""launched a tender for the purchase"" - the target uses more technical procurement terminology. The phrase ""sprach EADS direkt an"" means ""approached EADS directly"" not ""went directly to EADS"" - the target uses more formal business terminology. The word ""Einkauf"" should be ""procurement"" not ""purchase"" in this context","At that time, the Ministry of Defence did not launch a procurement procedure, but approached EADS directly.",27.75,24.69,-3.06,0.8463,0.8601,0.0138
2477,Die Entführer aus dem Sudan hatten mehrere Millionen Euro Lösegeld gefordert.,The abductors from Sudan had demanded a ransom of several million Euros.,The kidnappers from Sudan had demanded several million euros in ransom.,"The German ""Entführer"" should be ""kidnappers"" not ""kidnappers"" - this is correct. The phrase ""aus dem Sudan"" should be ""from Sudan"" not ""from Sudan"" - this is correct. The phrase ""Lösegeld gefordert"" should be ""demanded ransom"" not ""demanded several million euros in ransom"" - the target is more concise and uses ""demanded ransom",The kidnappers from Sudan demanded ransom.,25.67,7.34,-18.33,0.9247,0.8418,-0.083
3813,"Der Vorfall ereignete sich, als die Beamten der Verkehrspolizei der Region Álava die Verkehrskontrolle auf der N-1 bereits abgeschlossen hatten und vorbei durch das Stadtgebiet von Armiñon fuhren.","This occurred when some officials of the Alava Highway Police were conducting an audit of transports along the N-1, at the point which it crosses the district town of Armiñón.",The incident occurred when the traffic police of the Álava region had finished the traffic control on the N-1 and were passing through the city of Armiñon.,"The German ""Verkehrskontrolle"" should be ""traffic inspection"" not ""traffic control"" - this is a lexical error where the model chose a less specific term. The phrase ""vorbei durch das Stadtgebiet von Armiñon fuhren"" should be ""through the city of Armiñon"" not ""passing through the city of Armiñon"" - this is a semantic error where the model added unnecessary detail. The phrase ""die Beamten der Verkehrspolizei der Region Álava"" should be ""traffic police of Álava"" not ""the traffic police of the Álava region"" - this is a lexical error where the model chose a more complex construction",The incident occurred when the traffic police of Álava had finished the traffic inspection on the N-1 and through the city of Armiñon.,4.67,4.01,-0.66,0.8011,0.7744,-0.0267
3673,"Alcoa sagte, dass die Entscheidung, die Verträge auszubuchen, die""Fähigkeit Alcoas... die Schmelzerei zu betreiben oder die Stromversorgung an die Schmelzerei zu gewährleisten"" nicht beeinträchtige.","Alcoa said the decision to close out the contracts ""does not affect Alcoa's ... ability to operate the smelter or secure electricity supply to the smelter.""",Alcoa said that the decision to invoke the contracts was not damaging to Alcoa's ability to operate the smelter or to supply power to the smelter.,"The German ""die Entscheidung, die Verträge auszubuchen, die""Fähigkeit Alcoas... die Schmelzerei zu betreiben oder die Stromversorgung an die Schmelzerei zu gewährleisten"" not beeinträchtige"" should be ""the decision to invoke the contracts does not affect Alcoa's ability to operate the smelter or to supply power to the smelter"" not ""the decision to invoke the contracts was not damaging to Alcoa's ability to operate the smelter or to supply power to the smelter",Alcoa said that the decision to invoke the contracts does not affect Alcoa's ability to operate the smelter or to supply power to the smelter.,30.65,37.21,6.57,0.8694,0.8747,0.0054
1091,Das Larsen-C-Schelfeis liegt südlich von Südamerika fast an der Spitze der antarktischen Halbinsel.,"The Larsen C ice shelf is located south of South America, almost at the tip of the Antarctic Peninsula.","The Larsen C ice shelf is located south of South America, almost at the tip of the Antarctic Peninsula.","The German ""Larsen-C-Schelfeis"" should be ""Larsen C ice shelf"" not ""Larsen C ice shelf"" - this is a proper noun that should be capitalized. The phrase ""fast an der Spitze der antarktischen Halbinsel"" should be ""close to the tip of the Antarctic Peninsula"" not ""almost at the tip of the Antarctic Peninsula"" - ""fast"" means ""close to"" not ""almost","The Larsen C ice shelf is located south of South America, close to the tip of the Antarctic Peninsula.",100,81.37,-18.63,0.9513,0.9294,-0.0218
